{"stats":{"minecraft:used":{"minecraft:coarse_dirt":1},"minecraft:custom":{"minecraft:jump":27,"minecraft:time_since_rest":1413,"minecraft:crouch_one_cm":34,"minecraft:leave_game":1,"minecraft:sprint_one_cm":1569,"minecraft:play_time":1413,"minecraft:time_since_death":1413,"minecraft:walk_one_cm":2229,"minecraft:sneak_time":53,"minecraft:total_world_time":1413,"minecraft:fly_one_cm":473},"minecraft:mined":{"minecraft:coarse_dirt":2},"minecraft:picked_up":{"minecraft:coarse_dirt":2}},"DataVersion":3465}