{"stats":{"minecraft:used":{"minecraft:wooden_axe":24,"minecraft:crafting_table":1},"minecraft:mined":{"minecraft:poppy":2,"minecraft:oak_log":22,"minecraft:birch_log":2,"minecraft:dandelion":2,"minecraft:crafting_table":1},"minecraft:custom":{"minecraft:time_since_rest":9730,"minecraft:crouch_one_cm":1039,"minecraft:walk_one_cm":25829,"minecraft:play_time":23735,"minecraft:sprint_one_cm":29044,"minecraft:damage_taken":1435,"minecraft:deaths":3,"minecraft:sneak_time":488,"minecraft:walk_under_water_one_cm":81,"minecraft:jump":68,"minecraft:damage_dealt":190,"minecraft:time_since_death":9649,"minecraft:walk_on_water_one_cm":1064,"minecraft:total_world_time":23735,"minecraft:swim_one_cm":4641,"minecraft:interact_with_crafting_table":1,"minecraft:fall_one_cm":10312,"minecraft:fly_one_cm":44025},"minecraft:killed_by":{"minecraft:skeleton":1},"minecraft:crafted":{"minecraft:oak_planks":12,"minecraft:crafting_table":1,"minecraft:stick":8,"minecraft:wooden_axe":1},"minecraft:picked_up":{"minecraft:crafting_table":1,"minecraft:dandelion":2,"minecraft:oak_log":3,"minecraft:poppy":2,"minecraft:oak_sapling":4}},"DataVersion":2975}