{"stats":{"minecraft:custom":{"minecraft:open_chest":9,"minecraft:time_since_rest":78929,"minecraft:crouch_one_cm":875,"minecraft:sprint_one_cm":14185,"minecraft:play_time":78929,"minecraft:damage_taken":20,"minecraft:walk_one_cm":172171,"minecraft:sneak_time":1528,"minecraft:mob_kills":1,"minecraft:jump":241,"minecraft:damage_dealt":200,"minecraft:leave_game":1,"minecraft:time_since_death":78929,"minecraft:total_world_time":78929,"minecraft:fall_one_cm":404,"minecraft:fly_one_cm":93420},"minecraft:used":{"create:furnace_minecart_contraption":15,"create:deployer":3,"create:linear_chassis":51,"minecraft:lever":10,"minecraft:cobblestone":6,"minecraft:rail":47,"create:wrench":16,"create:mechanical_drill":33,"minecraft:oak_planks":1,"create:mechanical_plough":1,"minecraft:chest":10,"minecraft:furnace_minecart":3,"minecraft:stone":1,"minecraft:coarse_dirt":3,"create:cart_assembler":9,"minecraft:torch":7,"minecraft:netherite_sword":2},"minecraft:picked_up":{"create:deployer":1,"minecraft:coarse_dirt":3,"minecraft:wheat_seeds":2,"minecraft:cobbled_deepslate":17,"minecraft:pointed_dripstone":3,"minecraft:dirt":14,"minecraft:cobblestone":21},"minecraft:killed":{"minecraft:wandering_trader":1},"minecraft:mined":{"minecraft:grass":1,"minecraft:coarse_dirt":3}},"DataVersion":3465}