{"stats":{"minecraft:used":{"minecraft:wooden_axe":24,"minecraft:crafting_table":1,"chipped:netherite_block_12":3},"minecraft:mined":{"minecraft:oak_log":22,"minecraft:poppy":2,"minecraft:birch_log":3,"minecraft:dandelion":2,"minecraft:crafting_table":1},"minecraft:custom":{"minecraft:time_since_rest":22875,"minecraft:damage_taken":1435,"minecraft:crouch_one_cm":1039,"minecraft:play_time":36880,"minecraft:walk_one_cm":29327,"minecraft:sprint_one_cm":31930,"minecraft:deaths":3,"minecraft:sneak_time":513,"minecraft:walk_under_water_one_cm":81,"minecraft:drop":2,"minecraft:jump":84,"minecraft:damage_dealt":190,"minecraft:leave_game":2,"minecraft:time_since_death":22794,"minecraft:walk_on_water_one_cm":1220,"minecraft:total_world_time":36880,"minecraft:swim_one_cm":4641,"minecraft:interact_with_crafting_table":1,"minecraft:fall_one_cm":10788,"minecraft:fly_one_cm":45738},"minecraft:killed_by":{"minecraft:skeleton":1},"minecraft:crafted":{"minecraft:oak_planks":12,"minecraft:crafting_table":1,"minecraft:stick":8,"minecraft:wooden_axe":1},"minecraft:dropped":{"minecraft:oak_sapling":2},"minecraft:picked_up":{"minecraft:crafting_table":1,"minecraft:dandelion":2,"minecraft:oak_log":3,"minecraft:poppy":2,"minecraft:oak_sapling":4}},"DataVersion":2975}