{"stats":{"minecraft:custom":{"minecraft:open_chest":9,"minecraft:time_since_rest":54929,"minecraft:crouch_one_cm":184,"minecraft:sprint_one_cm":5332,"minecraft:play_time":54929,"minecraft:damage_taken":20,"minecraft:walk_one_cm":85400,"minecraft:sneak_time":793,"minecraft:jump":157,"minecraft:damage_dealt":40,"minecraft:leave_game":1,"minecraft:time_since_death":54929,"minecraft:total_world_time":54929,"minecraft:fall_one_cm":404,"minecraft:fly_one_cm":40490},"minecraft:used":{"create:furnace_minecart_contraption":4,"create:deployer":3,"create:linear_chassis":43,"minecraft:lever":8,"minecraft:cobblestone":2,"minecraft:rail":15,"create:wrench":8,"create:mechanical_drill":24,"minecraft:oak_planks":1,"create:mechanical_plough":1,"minecraft:chest":10,"minecraft:furnace_minecart":2,"minecraft:stone":1,"minecraft:coarse_dirt":3,"create:cart_assembler":6},"minecraft:picked_up":{"create:deployer":1,"minecraft:coarse_dirt":3,"minecraft:wheat_seeds":1,"minecraft:dirt":14,"minecraft:cobblestone":20},"minecraft:mined":{"minecraft:grass":1,"minecraft:coarse_dirt":3}},"DataVersion":3465}