{"stats":{"minecraft:custom":{"minecraft:open_chest":3,"minecraft:time_since_rest":30929,"minecraft:crouch_one_cm":127,"minecraft:sprint_one_cm":4656,"minecraft:play_time":30929,"minecraft:damage_taken":20,"minecraft:walk_one_cm":27650,"minecraft:sneak_time":538,"minecraft:jump":101,"minecraft:leave_game":1,"minecraft:time_since_death":30929,"minecraft:total_world_time":30929,"minecraft:fall_one_cm":404,"minecraft:fly_one_cm":40415},"minecraft:picked_up":{"minecraft:coarse_dirt":3},"minecraft:used":{"create:deployer":2,"create:linear_chassis":42,"minecraft:lever":3,"minecraft:rail":1,"create:mechanical_drill":24,"minecraft:oak_planks":1,"create:mechanical_plough":1,"minecraft:chest":10,"minecraft:stone":1,"minecraft:coarse_dirt":3,"create:cart_assembler":1},"minecraft:mined":{"minecraft:grass":1,"minecraft:coarse_dirt":3}},"DataVersion":3465}