{"stats":{"minecraft:custom":{"minecraft:jump":57,"minecraft:time_since_rest":18929,"minecraft:crouch_one_cm":83,"minecraft:leave_game":1,"minecraft:play_time":18929,"minecraft:sprint_one_cm":4191,"minecraft:damage_taken":20,"minecraft:time_since_death":18929,"minecraft:walk_one_cm":6680,"minecraft:sneak_time":342,"minecraft:total_world_time":18929,"minecraft:fall_one_cm":404,"minecraft:fly_one_cm":40415},"minecraft:picked_up":{"minecraft:coarse_dirt":3},"minecraft:used":{"minecraft:lever":3,"create:linear_chassis":9,"minecraft:oak_planks":1,"minecraft:stone":1,"minecraft:coarse_dirt":3,"minecraft:rail":1,"create:cart_assembler":1},"minecraft:mined":{"minecraft:grass":1,"minecraft:coarse_dirt":3}},"DataVersion":3465}