{"stats":{"minecraft:used":{"minecraft:wooden_axe":24,"minecraft:crafting_table":1},"minecraft:mined":{"minecraft:poppy":2,"minecraft:oak_log":20,"minecraft:birch_log":2,"minecraft:dandelion":2},"minecraft:custom":{"minecraft:time_since_rest":6215,"minecraft:crouch_one_cm":375,"minecraft:walk_one_cm":18021,"minecraft:play_time":11062,"minecraft:sprint_one_cm":17737,"minecraft:damage_taken":535,"minecraft:deaths":2,"minecraft:sneak_time":251,"minecraft:jump":53,"minecraft:damage_dealt":190,"minecraft:time_since_death":6166,"minecraft:walk_on_water_one_cm":905,"minecraft:total_world_time":11062,"minecraft:interact_with_crafting_table":1,"minecraft:fall_one_cm":836,"minecraft:fly_one_cm":42800},"minecraft:killed_by":{"minecraft:skeleton":1},"minecraft:crafted":{"minecraft:oak_planks":12,"minecraft:crafting_table":1,"minecraft:stick":8,"minecraft:wooden_axe":1},"minecraft:picked_up":{"minecraft:dandelion":2,"minecraft:oak_log":3,"minecraft:poppy":2}},"DataVersion":2975}