{"stats":{"minecraft:custom":{"minecraft:open_chest":4,"minecraft:time_since_rest":42929,"minecraft:crouch_one_cm":127,"minecraft:sprint_one_cm":4666,"minecraft:play_time":42929,"minecraft:damage_taken":20,"minecraft:walk_one_cm":49636,"minecraft:sneak_time":618,"minecraft:jump":128,"minecraft:leave_game":1,"minecraft:time_since_death":42929,"minecraft:total_world_time":42929,"minecraft:fall_one_cm":404,"minecraft:fly_one_cm":40415},"minecraft:used":{"create:deployer":3,"create:linear_chassis":43,"minecraft:lever":5,"minecraft:rail":5,"create:wrench":2,"create:mechanical_drill":24,"minecraft:oak_planks":1,"create:mechanical_plough":1,"minecraft:chest":10,"minecraft:furnace_minecart":2,"minecraft:stone":1,"minecraft:coarse_dirt":3,"create:cart_assembler":4},"minecraft:picked_up":{"create:deployer":1,"minecraft:coarse_dirt":3,"minecraft:dirt":1},"minecraft:mined":{"minecraft:grass":1,"minecraft:coarse_dirt":3}},"DataVersion":3465}