{"stats":{"minecraft:custom":{"minecraft:open_chest":21,"minecraft:time_since_rest":108202,"minecraft:crouch_one_cm":953,"minecraft:sprint_one_cm":73776,"minecraft:play_time":108202,"minecraft:damage_taken":30,"minecraft:walk_one_cm":244579,"minecraft:sneak_time":1811,"minecraft:walk_under_water_one_cm":1151,"minecraft:mob_kills":1,"minecraft:jump":275,"minecraft:damage_dealt":250,"minecraft:leave_game":3,"minecraft:time_since_death":108202,"minecraft:total_world_time":108202,"minecraft:fall_one_cm":404,"minecraft:fly_one_cm":132260},"minecraft:used":{"create:deployer":3,"create:furnace_minecart_contraption":17,"create:linear_chassis":51,"minecraft:lever":12,"minecraft:rail":53,"minecraft:cobblestone":6,"create:wrench":16,"create:mechanical_drill":33,"minecraft:oak_planks":1,"create:mechanical_plough":1,"minecraft:chest":10,"minecraft:furnace_minecart":4,"minecraft:stone":1,"minecraft:coarse_dirt":3,"create:cart_assembler":12,"minecraft:netherite_sword":2,"minecraft:torch":42},"minecraft:picked_up":{"create:deployer":1,"minecraft:coarse_dirt":3,"minecraft:wheat_seeds":2,"minecraft:torch":4,"minecraft:cobbled_deepslate":21,"minecraft:pointed_dripstone":3,"minecraft:cobblestone":21,"minecraft:dirt":14},"minecraft:mined":{"minecraft:grass":1,"minecraft:coarse_dirt":3,"minecraft:torch":4},"minecraft:killed":{"minecraft:wandering_trader":1}},"DataVersion":3465}