{"stats":{"minecraft:custom":{"minecraft:jump":205,"minecraft:time_since_rest":928,"minecraft:leave_game":1,"minecraft:damage_dealt":40,"minecraft:crouch_one_cm":536,"minecraft:deaths":1,"minecraft:sprint_one_cm":45003,"minecraft:play_time":17060,"minecraft:damage_taken":105,"minecraft:time_since_death":889,"minecraft:walk_one_cm":28538,"minecraft:sneak_time":131,"minecraft:total_world_time":17060,"minecraft:drop":1,"minecraft:fall_one_cm":7865,"minecraft:fly_one_cm":36880},"minecraft:dropped":{"alexsmobs:animal_dictionary":1}},"DataVersion":3465}