{"stats":{"minecraft:custom":{"minecraft:open_chest":20,"minecraft:time_since_rest":95613,"minecraft:crouch_one_cm":908,"minecraft:sprint_one_cm":63536,"minecraft:play_time":95613,"minecraft:damage_taken":30,"minecraft:walk_one_cm":238755,"minecraft:sneak_time":1567,"minecraft:mob_kills":1,"minecraft:jump":247,"minecraft:damage_dealt":250,"minecraft:leave_game":2,"minecraft:time_since_death":95613,"minecraft:total_world_time":95613,"minecraft:fall_one_cm":404,"minecraft:fly_one_cm":93420},"minecraft:used":{"create:furnace_minecart_contraption":17,"create:deployer":3,"create:linear_chassis":51,"minecraft:lever":12,"minecraft:cobblestone":6,"minecraft:rail":53,"create:wrench":16,"create:mechanical_drill":33,"minecraft:oak_planks":1,"create:mechanical_plough":1,"minecraft:chest":10,"minecraft:furnace_minecart":4,"minecraft:stone":1,"minecraft:coarse_dirt":3,"create:cart_assembler":12,"minecraft:torch":38,"minecraft:netherite_sword":2},"minecraft:picked_up":{"create:deployer":1,"minecraft:coarse_dirt":3,"minecraft:wheat_seeds":2,"minecraft:cobbled_deepslate":21,"minecraft:pointed_dripstone":3,"minecraft:dirt":14,"minecraft:cobblestone":21},"minecraft:killed":{"minecraft:wandering_trader":1},"minecraft:mined":{"minecraft:grass":1,"minecraft:coarse_dirt":3}},"DataVersion":3465}