{"stats":{"minecraft:custom":{"minecraft:jump":42,"minecraft:time_since_rest":6929,"minecraft:crouch_one_cm":54,"minecraft:leave_game":1,"minecraft:play_time":6929,"minecraft:sprint_one_cm":3593,"minecraft:damage_taken":20,"minecraft:time_since_death":6929,"minecraft:walk_one_cm":3263,"minecraft:sneak_time":65,"minecraft:total_world_time":6929,"minecraft:fall_one_cm":404,"minecraft:fly_one_cm":2018},"minecraft:used":{"minecraft:coarse_dirt":3},"minecraft:picked_up":{"minecraft:coarse_dirt":3},"minecraft:mined":{"minecraft:grass":1,"minecraft:coarse_dirt":3}},"DataVersion":3465}