{"stats":{"minecraft:custom":{"minecraft:time_since_rest":120202,"minecraft:damage_taken":30,"minecraft:sprint_one_cm":81350,"minecraft:walk_one_cm":263564,"minecraft:mob_kills":1,"minecraft:damage_dealt":250,"minecraft:fly_one_cm":222231,"minecraft:open_chest":21,"minecraft:crouch_one_cm":964,"minecraft:play_time":120202,"minecraft:sneak_time":2411,"minecraft:walk_under_water_one_cm":1151,"minecraft:jump":439,"minecraft:leave_game":3,"minecraft:time_since_death":120202,"minecraft:total_world_time":120202,"minecraft:fall_one_cm":404},"minecraft:used":{"minecraft:netherite_sword":2,"create:linear_chassis":51,"minecraft:lever":13,"create:deployer":3,"create:wrench":18,"minecraft:oak_planks":1,"minecraft:chest":10,"minecraft:stone":1,"create:cart_assembler":13,"minecraft:gravel":1,"create:furnace_minecart_contraption":20,"minecraft:torch":47,"minecraft:cobblestone":6,"minecraft:rail":59,"create:mechanical_drill":33,"create:mechanical_plough":1,"minecraft:furnace_minecart":4,"minecraft:coarse_dirt":3,"minecraft:cobbled_deepslate":1},"minecraft:picked_up":{"minecraft:coarse_dirt":3,"minecraft:torch":7,"minecraft:gravel":1,"minecraft:pointed_dripstone":3,"minecraft:dirt":15,"create:deployer":1,"minecraft:wheat_seeds":2,"minecraft:cobbled_deepslate":30,"minecraft:cobblestone":21},"minecraft:mined":{"minecraft:coarse_dirt":3,"minecraft:torch":4,"minecraft:grass":1},"minecraft:killed":{"minecraft:wandering_trader":1}},"DataVersion":3465}