{
  "create:root": {
    "criteria": {
      "0": "2024-07-03 21:07:29 +0000"
    },
    "done": true
  },
  "minecraft:recipes/decorations/crafting_table": {
    "criteria": {
      "unlock_right_away": "2024-07-03 21:07:29 +0000"
    },
    "done": true
  },
  "regions_unexplored:spelunker": {
    "criteria": {
      "redstone_caves": "2024-07-03 21:20:10 +0000"
    },
    "done": false
  },
  "dungeons_arise:wda_root": {
    "criteria": {
      "WDA": "2024-07-03 21:07:29 +0000"
    },
    "done": true
  },
  "regions_unexplored:parent": {
    "criteria": {
      "load_in_world": "2024-07-03 21:07:30 +0000"
    },
    "done": true
  },
  "regions_unexplored:regions_explored": {
    "criteria": {
      "frozen_tundra": "2024-07-03 21:18:02 +0000",
      "redstone_caves": "2024-07-03 21:20:10 +0000",
      "frozen_pine_taiga": "2024-07-03 21:17:58 +0000",
      "icy_heights": "2024-07-03 21:20:09 +0000"
    },
    "done": false
  },
  "regions_unexplored:pioneer": {
    "criteria": {
      "frozen_tundra": "2024-07-03 21:18:02 +0000",
      "frozen_pine_taiga": "2024-07-03 21:17:58 +0000",
      "icy_heights": "2024-07-03 21:20:09 +0000"
    },
    "done": false
  },
  "minecraft:adventure/adventuring_time": {
    "criteria": {
      "minecraft:frozen_river": "2024-07-03 21:14:18 +0000",
      "minecraft:snowy_plains": "2024-07-03 21:14:21 +0000",
      "minecraft:snowy_taiga": "2024-07-03 21:07:30 +0000"
    },
    "done": false
  },
  "DataVersion": 3465
}